# ************************************************************
# Sequel Pro SQL dump
# Version 4541
#
# http://www.sequelpro.com/
# https://github.com/sequelpro/sequelpro
#
# Host: 127.0.0.1 (MySQL 5.7.17)
# Database: samdoor
# Generation Time: 2017-03-31 09:56:28 +0000
# ************************************************************


/*!40101 SET @OLD_CHARACTER_SET_CLIENT=@@CHARACTER_SET_CLIENT */;
/*!40101 SET @OLD_CHARACTER_SET_RESULTS=@@CHARACTER_SET_RESULTS */;
/*!40101 SET @OLD_COLLATION_CONNECTION=@@COLLATION_CONNECTION */;
/*!40101 SET NAMES utf8 */;
/*!40014 SET @OLD_FOREIGN_KEY_CHECKS=@@FOREIGN_KEY_CHECKS, FOREIGN_KEY_CHECKS=0 */;
/*!40101 SET @OLD_SQL_MODE=@@SQL_MODE, SQL_MODE='NO_AUTO_VALUE_ON_ZERO' */;
/*!40111 SET @OLD_SQL_NOTES=@@SQL_NOTES, SQL_NOTES=0 */;


# Dump of table access
# ------------------------------------------------------------

DROP TABLE IF EXISTS `access`;

CREATE TABLE `access` (
  `Id_user` int(11) NOT NULL,
  `Id_room` int(11) NOT NULL,
  `Result` tinyint(1) NOT NULL,
  `Date` timestamp NOT NULL DEFAULT CURRENT_TIMESTAMP ON UPDATE CURRENT_TIMESTAMP,
  `System_offline` tinyint(1) NOT NULL,
  `Id_access` int(11) NOT NULL AUTO_INCREMENT,
  PRIMARY KEY (`Id_access`),
  KEY `Id_user` (`Id_user`),
  KEY `Id_room` (`Id_room`),
  CONSTRAINT `access_ibfk_1` FOREIGN KEY (`Id_user`) REFERENCES `user` (`Id_user`) ON DELETE CASCADE ON UPDATE CASCADE,
  CONSTRAINT `access_ibfk_2` FOREIGN KEY (`Id_room`) REFERENCES `room` (`Id_room`) ON DELETE CASCADE ON UPDATE CASCADE
) ENGINE=InnoDB AUTO_INCREMENT=1002 DEFAULT CHARSET=latin1;

LOCK TABLES `access` WRITE;
/*!40000 ALTER TABLE `access` DISABLE KEYS */;

INSERT INTO `access` (`Id_user`, `Id_room`, `Result`, `Date`, `System_offline`, `Id_access`)
VALUES
	(47,65,1,'2017-09-22 04:59:48',1,1),
	(66,67,0,'2017-12-13 09:39:21',0,2),
	(28,82,1,'2017-12-16 00:37:49',1,3),
	(12,82,1,'2017-12-13 08:46:13',0,4),
	(8,21,1,'2017-09-21 20:59:54',0,5),
	(62,5,0,'2017-11-07 18:41:53',1,6),
	(68,89,1,'2017-08-08 02:25:11',0,7),
	(100,63,1,'2017-11-23 03:51:59',1,8),
	(79,84,1,'2017-08-04 07:29:47',1,9),
	(58,32,1,'2017-12-08 09:17:26',1,10),
	(92,28,1,'2017-08-31 04:30:30',1,11),
	(5,26,0,'2017-12-02 03:22:16',1,12),
	(97,52,1,'2017-12-01 20:35:46',0,13),
	(60,100,1,'2017-08-17 11:04:24',1,14),
	(44,17,1,'2017-09-14 07:51:52',0,15),
	(8,51,1,'2017-12-19 18:18:51',1,16),
	(74,26,1,'2017-09-15 10:48:45',0,17),
	(54,90,0,'2017-08-30 11:11:36',0,18),
	(9,2,0,'2017-11-15 15:15:43',0,19),
	(18,66,1,'2017-10-02 09:25:43',1,20),
	(4,30,0,'2017-12-08 06:05:48',1,21),
	(30,29,1,'2017-10-01 13:19:25',1,22),
	(34,60,1,'2017-07-08 11:03:19',0,23),
	(67,75,1,'2017-08-14 22:09:48',1,24),
	(60,5,0,'2017-12-30 21:30:22',1,25),
	(44,27,1,'2017-12-18 08:53:43',0,27),
	(75,35,1,'2017-09-30 04:21:30',1,28),
	(73,58,1,'2017-09-21 23:01:59',0,29),
	(42,32,1,'2017-08-13 20:14:15',0,30),
	(18,81,0,'2017-08-11 01:27:44',1,31),
	(20,40,1,'2017-08-24 13:11:50',1,32),
	(20,86,0,'2017-08-07 07:08:04',0,33),
	(90,58,0,'2017-09-05 21:36:13',1,34),
	(65,18,0,'2017-11-13 00:36:22',0,35),
	(34,65,1,'2017-10-17 07:39:36',0,36),
	(60,69,1,'2017-07-06 02:28:39',0,37),
	(43,38,1,'2017-09-23 13:24:05',1,38),
	(16,37,0,'2017-09-07 20:42:19',1,39),
	(47,29,1,'2017-09-28 16:00:18',1,40),
	(4,20,1,'2017-09-13 14:37:50',0,41),
	(66,80,0,'2017-08-11 20:27:44',1,42),
	(89,36,1,'2017-12-06 04:57:35',1,43),
	(44,59,0,'2017-10-03 21:50:11',1,44),
	(22,13,1,'2017-10-21 04:49:41',1,45),
	(25,47,0,'2017-10-15 18:23:12',1,46),
	(88,21,0,'2017-11-01 00:36:48',1,47),
	(89,32,1,'2017-11-17 07:48:11',1,48),
	(78,52,1,'2017-10-28 20:40:44',1,49),
	(28,87,0,'2017-09-24 07:23:55',0,50),
	(20,95,1,'2017-07-09 04:37:33',0,51),
	(20,39,0,'2017-10-14 00:34:09',1,52),
	(19,79,1,'2017-12-01 15:02:31',1,53),
	(68,62,1,'2017-11-20 16:31:31',1,54),
	(45,100,1,'2017-09-29 17:35:45',0,55),
	(10,45,1,'2017-07-28 00:44:59',1,56),
	(58,98,0,'2017-12-22 17:46:03',0,57),
	(84,55,0,'2017-08-13 23:18:14',0,58),
	(66,88,1,'2017-08-25 08:19:44',1,59),
	(97,68,1,'2017-10-11 22:20:44',0,60),
	(93,47,0,'2017-09-23 19:02:48',0,61),
	(64,22,1,'2017-11-17 20:29:58',1,62),
	(19,57,1,'2017-10-17 00:17:43',0,63),
	(22,72,0,'2017-12-30 11:27:32',1,64),
	(38,76,0,'2017-12-27 14:03:31',1,65),
	(72,9,1,'2017-09-23 05:54:07',0,66),
	(83,68,0,'2017-07-18 05:02:38',1,67),
	(50,50,1,'2017-12-13 21:46:13',0,68),
	(6,99,0,'2017-09-06 07:00:55',0,69),
	(98,42,1,'2017-07-21 14:56:18',0,70),
	(23,91,0,'2017-11-01 03:23:28',1,71),
	(45,18,1,'2017-10-02 16:56:46',1,72),
	(56,45,0,'2017-07-13 12:14:51',1,73),
	(41,9,0,'2017-12-02 17:38:15',1,74),
	(98,39,1,'2017-08-18 09:50:50',0,75),
	(54,78,1,'2017-10-07 22:37:21',1,76),
	(11,12,1,'2017-07-15 19:08:47',1,77),
	(28,89,0,'2017-10-20 09:12:53',1,78),
	(65,68,1,'2017-12-15 04:21:41',0,79),
	(57,35,0,'2017-12-04 14:32:03',1,80),
	(5,95,1,'2017-09-21 20:32:41',0,81),
	(48,38,1,'2017-09-07 18:17:49',0,82),
	(2,6,1,'2017-11-26 02:40:21',0,83),
	(24,10,1,'2017-08-09 14:46:58',0,84),
	(51,91,1,'2017-09-10 07:32:03',0,85),
	(12,2,1,'2017-11-05 09:26:27',1,86),
	(81,68,1,'2017-07-23 06:29:24',1,87),
	(44,5,1,'2017-08-24 19:57:13',0,88),
	(1,99,0,'2017-09-05 22:21:45',0,89),
	(10,22,0,'2017-10-29 17:11:59',0,90),
	(95,76,1,'2017-10-06 22:30:51',1,91),
	(81,12,1,'2017-10-16 00:03:19',0,92),
	(25,71,1,'2017-10-08 15:43:14',0,93),
	(59,44,0,'2017-10-03 23:36:20',0,94),
	(81,100,0,'2017-10-31 09:01:05',1,95),
	(11,50,0,'2017-10-16 02:20:13',1,96),
	(47,55,0,'2017-12-01 06:33:25',0,97),
	(40,24,0,'2017-09-25 15:18:11',0,98),
	(52,88,1,'2017-07-27 21:14:07',1,99),
	(22,54,0,'2017-12-08 21:41:25',1,100),
	(88,83,1,'2017-07-07 08:46:09',1,101),
	(17,20,0,'2017-09-18 02:12:34',0,102),
	(46,64,1,'2017-08-18 04:42:33',1,103),
	(36,82,0,'2017-12-17 03:55:48',0,104),
	(36,91,0,'2017-12-05 18:07:57',0,105),
	(75,82,0,'2017-10-26 15:56:23',1,106),
	(66,99,1,'2017-10-04 20:00:39',1,107),
	(64,59,0,'2017-12-13 10:33:24',0,108),
	(100,72,0,'2017-09-30 01:37:56',0,109),
	(26,70,1,'2017-11-09 21:01:30',1,110),
	(41,86,1,'2017-12-20 02:02:58',0,111),
	(59,25,1,'2017-10-06 04:54:33',1,112),
	(54,53,1,'2017-09-12 05:23:23',1,113),
	(89,73,1,'2017-08-28 15:36:42',1,114),
	(1,26,1,'2017-12-29 23:05:11',1,115),
	(44,92,1,'2017-07-17 13:30:50',1,116),
	(29,68,1,'2017-12-20 14:05:50',1,117),
	(78,32,1,'2017-09-12 06:11:16',1,118),
	(28,46,1,'2017-07-26 05:40:26',0,119),
	(49,11,0,'2017-08-15 19:27:55',0,120),
	(71,96,1,'2017-07-24 23:14:21',1,121),
	(93,80,1,'2017-08-08 11:21:47',1,122),
	(46,45,1,'2017-09-28 13:02:47',1,123),
	(48,63,0,'2017-11-09 16:28:38',0,124),
	(43,35,1,'2017-10-01 20:52:26',1,125),
	(61,6,1,'2017-10-09 07:23:36',1,126),
	(23,90,1,'2017-12-15 16:19:10',0,127),
	(28,72,1,'2017-07-28 17:19:32',0,128),
	(56,40,1,'2017-12-17 08:45:20',1,129),
	(43,3,0,'2017-11-28 08:18:05',1,130),
	(53,82,1,'2017-09-28 19:50:39',1,131),
	(38,53,1,'2017-09-14 18:35:55',0,132),
	(5,23,0,'2017-11-13 00:36:39',1,133),
	(45,14,0,'2017-07-15 13:36:22',0,134),
	(7,78,1,'2017-07-22 06:38:57',0,135),
	(59,60,0,'2017-09-26 18:15:52',0,136),
	(77,34,0,'2017-09-27 07:06:24',0,137),
	(22,83,1,'2017-07-02 10:36:11',1,138),
	(28,4,0,'2017-10-11 19:51:13',0,139),
	(5,89,1,'2017-09-25 20:36:28',1,140),
	(76,100,1,'2017-09-21 21:37:17',0,141),
	(5,47,1,'2017-09-01 15:41:35',0,142),
	(82,13,1,'2017-10-14 11:41:31',1,143),
	(37,88,0,'2017-08-13 12:08:51',1,144),
	(74,19,0,'2017-12-03 17:33:36',0,145),
	(49,81,1,'2017-09-03 02:38:50',1,146),
	(82,29,1,'2017-08-01 10:03:42',1,147),
	(86,75,0,'2017-11-29 03:02:29',0,148),
	(91,47,0,'2017-10-05 13:13:24',0,149),
	(79,97,1,'2017-07-29 13:27:59',0,150),
	(22,49,1,'2017-08-25 09:34:37',1,151),
	(29,57,0,'2017-11-22 01:21:18',1,152),
	(42,63,0,'2017-08-31 12:20:27',0,153),
	(20,8,1,'2017-10-12 15:46:20',1,154),
	(28,75,0,'2017-10-24 08:07:14',1,155),
	(44,50,1,'2017-08-03 06:32:16',1,156),
	(36,59,0,'2017-10-28 08:02:45',1,157),
	(22,54,0,'2017-12-05 17:48:48',0,158),
	(94,75,1,'2017-08-31 03:12:38',1,159),
	(9,68,0,'2017-09-29 22:49:47',0,160),
	(32,99,0,'2017-09-22 06:13:41',1,161),
	(31,22,1,'2017-12-12 22:11:34',0,162),
	(7,89,1,'2017-10-05 19:13:39',0,163),
	(89,53,0,'2017-12-18 06:35:15',1,164),
	(5,50,0,'2017-11-15 23:52:38',0,165),
	(17,26,0,'2017-07-18 02:37:13',1,166),
	(49,89,0,'2017-08-16 06:12:15',1,167),
	(39,24,0,'2017-07-26 16:11:05',0,168),
	(14,96,1,'2017-08-30 16:13:18',1,169),
	(9,48,0,'2017-07-29 08:21:36',1,170),
	(58,90,1,'2017-12-01 23:52:12',0,171),
	(34,30,0,'2017-12-09 17:41:52',1,172),
	(5,31,0,'2017-07-10 01:41:51',1,173),
	(2,94,0,'2017-07-30 09:40:58',0,174),
	(48,51,1,'2017-09-14 03:20:27',0,175),
	(20,33,0,'2017-10-01 10:35:07',0,176),
	(20,85,0,'2017-11-15 16:34:22',1,177),
	(46,42,1,'2017-08-15 18:58:32',1,178),
	(89,72,1,'2017-08-09 19:59:51',1,179),
	(82,15,1,'2017-08-18 11:35:50',1,180),
	(82,11,1,'2017-08-04 11:58:24',1,181),
	(90,69,1,'2017-07-01 06:03:35',0,182),
	(53,35,0,'2017-08-30 01:01:45',1,183),
	(89,77,1,'2017-09-02 17:45:48',0,184),
	(89,35,1,'2017-09-12 02:26:51',1,185),
	(89,54,1,'2017-12-19 12:19:35',1,186),
	(35,55,0,'2017-10-27 03:07:07',0,187),
	(96,32,0,'2017-07-29 20:59:28',1,188),
	(64,92,0,'2017-11-16 10:34:03',0,189),
	(41,13,0,'2017-07-19 21:04:03',1,190),
	(84,27,0,'2017-09-12 15:32:03',1,191),
	(30,37,1,'2017-10-25 18:40:58',0,192),
	(42,96,0,'2017-11-18 12:17:53',0,193),
	(42,35,0,'2017-07-29 22:37:20',0,194),
	(75,2,0,'2017-07-06 01:13:14',1,195),
	(33,100,1,'2017-11-05 17:11:36',0,196),
	(71,80,0,'2017-10-31 04:46:02',1,197),
	(69,52,1,'2017-08-20 02:04:27',1,198),
	(2,49,0,'2017-08-27 15:55:06',1,199),
	(96,48,1,'2017-12-10 19:25:49',0,200),
	(34,63,0,'2017-10-26 01:21:47',0,201),
	(86,20,0,'2017-07-08 05:19:48',0,202),
	(46,69,1,'2017-12-14 10:46:26',0,203),
	(58,81,1,'2017-10-22 02:09:01',0,204),
	(80,66,1,'2017-08-21 19:36:33',1,205),
	(83,32,0,'2017-12-21 03:24:18',0,206),
	(39,73,1,'2017-11-11 19:21:54',1,207),
	(46,63,0,'2017-12-26 08:24:53',0,208),
	(15,19,0,'2017-08-30 04:47:15',0,209),
	(96,7,0,'2017-11-29 21:52:53',0,210),
	(1,15,1,'2017-11-23 00:45:59',1,211),
	(68,75,0,'2017-10-19 12:53:28',1,212),
	(66,32,1,'2017-08-31 06:55:37',0,213),
	(71,74,0,'2017-11-26 05:21:24',0,214),
	(42,58,1,'2017-07-11 09:22:04',1,215),
	(8,79,1,'2017-10-02 22:09:10',1,216),
	(57,51,0,'2017-09-04 21:02:14',1,217),
	(81,47,1,'2017-09-05 13:55:05',0,218),
	(10,22,1,'2017-10-11 09:36:06',0,219),
	(29,54,1,'2017-07-15 14:30:49',0,220),
	(77,9,0,'2017-12-26 04:13:48',0,221),
	(73,15,1,'2017-12-03 04:28:11',0,222),
	(84,67,1,'2017-09-18 09:58:28',1,223),
	(97,100,1,'2017-12-07 22:44:48',0,224),
	(18,29,1,'2017-08-18 20:28:22',0,225),
	(74,8,0,'2017-12-06 05:42:02',1,226),
	(21,7,1,'2017-09-07 21:15:48',0,227),
	(69,18,1,'2017-08-29 20:18:02',1,228),
	(100,83,1,'2017-09-19 17:35:22',0,229),
	(35,9,1,'2017-11-23 05:03:23',0,230),
	(99,12,0,'2017-09-13 04:06:22',0,231),
	(80,19,1,'2017-10-03 07:48:17',1,232),
	(1,66,0,'2017-09-02 16:37:30',0,233),
	(82,16,1,'2017-12-09 01:14:29',1,234),
	(43,29,1,'2017-10-28 02:12:49',0,235),
	(30,73,0,'2017-07-09 17:08:35',0,236),
	(47,30,1,'2017-08-01 21:34:40',1,237),
	(73,86,0,'2017-07-03 08:18:34',1,238),
	(87,69,1,'2017-10-31 16:31:17',0,239),
	(67,75,0,'2017-09-09 10:36:30',0,240),
	(51,32,1,'2017-11-20 10:25:35',0,241),
	(84,92,1,'2017-12-28 19:25:31',1,242),
	(65,36,1,'2017-12-09 19:33:00',1,243),
	(35,65,1,'2017-08-09 14:15:32',0,244),
	(50,17,1,'2017-07-04 23:55:59',1,245),
	(84,41,0,'2017-10-05 16:39:43',1,246),
	(81,28,1,'2017-10-09 00:16:38',1,247),
	(56,43,0,'2017-09-07 17:02:17',0,248),
	(58,33,0,'2017-10-04 08:16:34',1,249),
	(92,11,1,'2017-09-27 15:02:05',1,250),
	(25,13,1,'2017-08-03 22:06:27',1,251),
	(9,2,1,'2017-10-15 16:47:53',0,252),
	(2,11,0,'2017-12-01 10:49:05',0,253),
	(25,36,0,'2017-08-25 15:43:52',1,254),
	(90,33,1,'2017-12-24 14:44:18',1,255),
	(84,67,1,'2017-07-05 01:07:24',0,256),
	(54,10,0,'2017-09-17 00:34:02',1,257),
	(99,77,0,'2017-10-11 01:16:19',0,258),
	(64,98,1,'2017-07-16 12:41:36',0,259),
	(65,36,1,'2017-09-01 09:40:17',1,260),
	(34,95,0,'2017-11-13 17:45:08',0,261),
	(15,25,0,'2017-08-25 09:48:57',1,262),
	(44,82,1,'2017-11-03 15:17:15',1,263),
	(22,90,0,'2017-07-06 22:40:07',1,264),
	(65,62,0,'2017-09-20 03:52:45',1,265),
	(81,82,1,'2017-12-04 23:30:36',1,266),
	(29,4,0,'2017-08-05 19:34:25',1,267),
	(73,79,1,'2017-07-31 16:59:24',0,268),
	(40,7,0,'2017-07-14 13:51:53',0,269),
	(12,32,1,'2017-11-15 11:27:47',0,270),
	(16,9,0,'2017-08-09 01:46:00',0,271),
	(67,50,1,'2017-07-18 12:46:37',1,272),
	(41,71,1,'2017-07-22 04:14:16',1,273),
	(43,7,0,'2017-11-29 01:47:00',1,274),
	(71,89,1,'2017-08-06 04:10:49',0,275),
	(46,54,1,'2017-10-04 03:40:06',1,276),
	(18,38,1,'2017-07-24 20:19:07',1,277),
	(25,87,0,'2017-07-07 14:27:00',1,278),
	(48,10,0,'2017-11-12 17:00:09',1,279),
	(73,91,0,'2017-09-15 07:14:26',1,280),
	(57,28,1,'2017-07-05 04:05:15',0,281),
	(17,27,0,'2017-11-25 14:00:57',1,282),
	(22,12,0,'2017-09-08 19:04:41',1,283),
	(40,33,0,'2017-09-16 06:15:14',1,284),
	(83,97,1,'2017-09-30 20:22:55',0,285),
	(34,100,1,'2017-10-28 11:33:51',1,286),
	(45,71,1,'2017-10-29 09:48:59',0,287),
	(13,96,0,'2017-11-17 16:12:32',1,288),
	(25,9,0,'2017-10-01 04:14:56',1,289),
	(73,96,1,'2017-12-16 20:25:11',0,290),
	(33,49,1,'2017-09-26 04:16:43',0,291),
	(55,25,0,'2017-11-20 05:02:49',1,292),
	(46,94,0,'2017-11-02 12:47:00',0,293),
	(79,97,0,'2017-09-17 22:41:16',0,294),
	(90,27,0,'2017-08-18 22:25:28',0,295),
	(9,55,1,'2017-10-16 04:25:43',1,296),
	(27,14,0,'2017-08-06 15:45:14',1,297),
	(19,6,0,'2017-12-18 04:52:40',0,298),
	(84,60,0,'2017-12-22 13:40:41',0,299),
	(100,51,1,'2017-08-04 01:21:29',1,300),
	(65,70,0,'2017-09-23 19:17:00',0,301),
	(99,57,1,'2017-12-15 05:51:57',0,302),
	(98,6,1,'2017-07-10 07:55:40',1,303),
	(16,63,0,'2017-08-26 10:47:54',1,304),
	(52,5,1,'2017-07-22 07:08:39',0,305),
	(40,49,0,'2017-07-24 19:07:16',0,306),
	(10,44,0,'2017-10-27 10:21:54',0,307),
	(70,71,0,'2017-09-11 22:31:26',0,308),
	(24,17,0,'2017-08-01 16:41:54',0,309),
	(47,15,1,'2017-09-01 02:34:52',1,310),
	(33,63,0,'2017-08-18 15:35:00',0,311),
	(50,94,0,'2017-11-22 07:07:59',0,312),
	(17,23,0,'2017-12-24 04:59:21',1,313),
	(85,29,1,'2017-11-09 06:40:20',1,314),
	(19,12,1,'2017-07-13 16:12:01',1,315),
	(4,17,1,'2017-08-17 12:51:25',0,316),
	(25,2,0,'2017-08-20 23:38:52',1,317),
	(52,29,1,'2017-10-15 18:24:55',1,318),
	(81,68,0,'2017-10-08 11:21:58',1,319),
	(19,59,0,'2017-09-11 22:12:23',1,320),
	(90,39,1,'2017-12-28 04:42:23',0,321),
	(96,13,0,'2017-07-22 20:35:57',1,322),
	(53,55,0,'2017-10-11 17:53:49',0,323),
	(35,97,1,'2017-12-19 09:56:33',0,324),
	(8,39,1,'2017-09-12 21:22:25',0,325),
	(58,70,0,'2017-11-20 11:45:21',0,326),
	(21,60,0,'2017-10-09 19:20:20',1,327),
	(86,48,1,'2017-12-28 16:57:46',0,328),
	(53,29,0,'2017-08-07 18:42:01',0,329),
	(41,69,1,'2017-09-14 06:33:38',1,330),
	(45,45,1,'2017-09-29 09:48:20',0,331),
	(96,87,1,'2017-09-09 16:05:42',0,332),
	(40,83,0,'2017-07-23 14:34:47',0,333),
	(7,74,0,'2017-08-24 01:01:23',1,334),
	(25,99,1,'2017-11-25 14:39:01',1,335),
	(4,74,0,'2017-07-12 06:35:28',0,337),
	(9,56,0,'2017-09-11 03:52:19',1,338),
	(32,91,0,'2017-12-28 07:52:18',1,339),
	(59,27,1,'2017-11-29 21:22:08',1,340),
	(2,82,0,'2017-10-23 21:50:32',1,341),
	(78,86,0,'2017-08-24 06:14:57',1,342),
	(7,25,0,'2017-08-31 00:51:29',1,343),
	(27,17,0,'2017-07-26 19:40:15',1,344),
	(23,53,0,'2017-11-30 19:13:01',0,345),
	(36,57,0,'2017-11-22 17:34:58',1,346),
	(94,100,0,'2017-08-15 20:23:11',0,347),
	(2,7,0,'2017-11-23 08:19:00',0,348),
	(36,100,0,'2017-12-17 06:16:04',1,349),
	(89,81,1,'2017-10-22 23:32:30',0,350),
	(100,57,0,'2017-10-06 01:48:29',1,351),
	(77,66,1,'2017-08-28 02:21:32',0,352),
	(10,25,0,'2017-07-20 01:49:19',0,353),
	(50,1,0,'2017-12-18 02:48:02',0,354),
	(92,70,0,'2017-07-10 17:05:32',0,355),
	(86,76,0,'2017-10-03 00:01:00',0,356),
	(67,51,0,'2017-09-03 19:07:14',1,357),
	(94,7,0,'2017-08-17 00:38:32',1,358),
	(83,42,0,'2017-07-25 06:03:44',1,359),
	(57,49,0,'2017-09-10 16:21:35',1,360),
	(39,31,1,'2017-11-29 08:17:37',1,361),
	(33,87,0,'2017-10-13 02:57:27',1,362),
	(17,90,1,'2017-12-22 00:04:31',1,363),
	(86,35,0,'2017-10-23 08:08:41',1,364),
	(16,7,0,'2017-09-13 11:29:16',0,365),
	(45,14,1,'2017-07-31 13:56:30',1,366),
	(48,1,1,'2017-07-03 04:48:13',1,367),
	(52,61,1,'2017-07-08 01:43:43',1,368),
	(19,83,0,'2017-12-29 06:57:25',0,369),
	(31,69,1,'2017-12-25 19:29:19',1,370),
	(6,38,0,'2017-09-23 23:49:05',1,371),
	(26,28,1,'2017-09-16 00:08:01',0,372),
	(71,4,1,'2017-08-06 01:14:36',1,373),
	(1,78,0,'2017-07-30 01:41:20',0,374),
	(47,84,1,'2017-08-08 01:41:40',1,375),
	(49,67,1,'2017-07-27 06:20:39',0,376),
	(60,81,0,'2017-10-07 23:10:57',1,377),
	(81,46,0,'2017-11-24 12:58:18',1,378),
	(55,21,0,'2017-10-07 02:23:01',1,379),
	(88,70,1,'2017-12-28 16:02:59',1,380),
	(47,88,0,'2017-10-09 14:55:42',1,381),
	(37,24,1,'2017-11-23 13:34:52',1,382),
	(86,24,0,'2017-08-20 12:58:03',1,383),
	(76,21,0,'2017-12-30 20:17:09',1,384),
	(60,11,0,'2017-11-21 18:14:37',1,385),
	(77,19,0,'2017-07-28 18:54:40',0,386),
	(75,74,1,'2017-11-28 13:39:27',1,387),
	(16,63,0,'2017-08-22 22:07:53',0,388),
	(26,78,0,'2017-12-06 19:14:02',0,389),
	(88,17,1,'2017-07-11 17:11:35',1,390),
	(91,63,0,'2017-07-20 06:32:27',0,391),
	(95,53,1,'2017-08-25 11:12:39',0,392),
	(80,78,1,'2017-07-15 00:23:10',0,393),
	(57,29,1,'2017-07-08 20:47:47',1,394),
	(49,90,1,'2017-10-16 21:23:30',1,395),
	(35,5,1,'2017-08-13 12:20:15',0,396),
	(18,41,0,'2017-12-01 21:28:30',1,397),
	(57,64,0,'2017-11-06 18:42:15',0,398),
	(67,71,0,'2017-07-20 15:17:06',1,399),
	(52,98,1,'2017-12-01 05:17:37',0,400),
	(40,11,0,'2017-10-27 07:31:57',0,401),
	(15,89,0,'2017-09-16 16:59:19',1,402),
	(77,88,1,'2017-07-14 07:33:05',1,403),
	(90,55,0,'2017-09-15 06:27:43',0,404),
	(100,38,1,'2017-12-11 09:51:28',1,405),
	(41,83,0,'2017-10-31 21:06:39',1,406),
	(22,79,0,'2017-07-23 04:16:38',0,407),
	(38,69,0,'2017-09-22 21:48:14',1,408),
	(38,20,1,'2017-10-10 02:36:14',0,409),
	(59,36,1,'2017-10-28 05:26:02',1,410),
	(74,35,0,'2017-11-24 08:49:25',0,412),
	(43,60,1,'2017-08-15 19:18:23',1,413),
	(22,62,0,'2017-08-10 00:21:35',0,414),
	(15,49,0,'2017-09-17 00:20:22',0,415),
	(87,25,1,'2017-08-11 10:31:29',0,416),
	(33,16,1,'2017-08-21 05:31:18',0,417),
	(26,63,1,'2017-11-28 17:39:11',1,418),
	(36,30,0,'2017-12-11 20:28:20',1,419),
	(90,67,0,'2017-11-10 08:11:38',1,420),
	(79,69,0,'2017-12-29 17:34:11',0,421),
	(89,27,0,'2017-08-29 22:17:34',0,422),
	(18,48,0,'2017-07-08 00:41:11',1,423),
	(39,22,0,'2017-08-11 00:00:02',1,424),
	(100,93,1,'2017-09-08 17:54:25',0,425),
	(26,89,0,'2017-08-04 21:42:48',1,426),
	(84,86,0,'2017-10-15 15:31:06',1,427),
	(64,48,0,'2017-11-24 12:12:03',0,428),
	(46,34,1,'2017-08-20 16:20:11',1,429),
	(11,99,0,'2017-10-13 06:37:53',1,430),
	(71,74,0,'2017-12-07 20:55:36',0,431),
	(72,83,0,'2017-09-25 08:57:15',0,432),
	(35,72,1,'2017-12-23 02:48:34',1,433),
	(30,63,0,'2017-10-28 05:13:18',1,434),
	(56,24,1,'2017-07-28 04:39:40',1,435),
	(80,21,1,'2017-09-15 22:35:21',1,436),
	(86,38,0,'2017-10-26 22:42:21',0,437),
	(31,95,1,'2017-10-30 10:15:23',1,438),
	(28,19,1,'2017-08-03 21:10:08',0,439),
	(16,86,0,'2017-10-28 07:39:35',1,440),
	(64,31,1,'2017-08-13 14:00:51',0,441),
	(72,49,0,'2017-08-11 14:59:52',1,442),
	(13,41,1,'2017-07-15 11:42:29',1,443),
	(73,52,0,'2017-08-17 05:01:13',1,444),
	(54,100,1,'2017-09-29 07:10:46',1,445),
	(94,91,1,'2017-08-20 05:52:39',1,446),
	(23,43,1,'2017-11-25 00:46:16',1,447),
	(55,41,0,'2017-07-24 01:17:14',1,448),
	(1,7,0,'2017-11-27 20:19:28',0,449),
	(33,98,1,'2017-10-10 16:47:59',0,450),
	(41,70,0,'2017-09-22 03:18:30',0,451),
	(6,1,0,'2017-12-27 11:41:52',1,452),
	(8,4,0,'2017-08-14 23:02:50',0,453),
	(13,26,0,'2017-11-07 19:27:05',1,454),
	(19,45,1,'2017-09-26 16:57:41',0,455),
	(7,30,1,'2017-09-06 11:52:29',1,456),
	(55,45,0,'2017-12-08 08:43:52',1,457),
	(71,77,1,'2017-11-07 06:42:29',0,458),
	(45,98,0,'2017-07-16 15:03:31',1,459),
	(43,14,1,'2017-11-16 06:38:36',1,460),
	(37,15,1,'2017-07-07 04:40:27',1,461),
	(17,91,1,'2017-10-07 06:03:29',1,462),
	(64,91,1,'2017-08-15 11:57:58',0,463),
	(23,84,0,'2017-09-12 12:50:20',0,464),
	(32,66,0,'2017-12-14 00:26:33',0,465),
	(20,32,0,'2017-08-02 13:44:33',1,466),
	(81,83,1,'2017-12-16 12:15:05',1,467),
	(53,83,0,'2017-10-08 22:20:49',1,468),
	(7,77,0,'2017-08-01 02:41:31',0,469),
	(38,60,1,'2017-12-03 22:52:39',0,470),
	(91,44,1,'2017-08-25 22:42:10',1,471),
	(78,1,1,'2017-08-13 08:06:19',1,472),
	(77,62,0,'2017-07-02 17:40:00',0,473),
	(34,100,1,'2017-12-19 09:18:48',0,474),
	(77,18,1,'2017-09-07 21:00:26',0,475),
	(70,26,1,'2017-07-23 07:00:48',0,476),
	(55,90,1,'2017-08-09 05:38:48',1,477),
	(39,27,1,'2017-10-20 06:25:09',1,478),
	(51,43,0,'2017-09-28 22:43:28',0,479),
	(36,96,1,'2017-11-02 00:50:38',1,480),
	(54,33,1,'2017-07-23 01:18:39',1,481),
	(54,99,0,'2017-10-29 00:25:18',1,482),
	(45,46,0,'2017-12-01 22:31:35',1,483),
	(73,70,0,'2017-11-07 12:34:47',1,484),
	(41,74,1,'2017-10-04 15:54:04',0,485),
	(52,28,0,'2017-08-03 09:16:43',0,486),
	(74,58,1,'2017-10-22 01:45:48',1,487),
	(37,54,1,'2017-11-30 20:35:48',1,488),
	(97,66,0,'2017-07-19 06:47:32',0,489),
	(66,57,1,'2017-07-26 06:35:38',1,490),
	(62,9,0,'2017-12-08 10:16:49',1,491),
	(38,87,0,'2017-07-26 23:18:47',1,492),
	(83,69,1,'2017-11-22 17:01:16',0,493),
	(74,35,0,'2017-10-23 10:54:42',1,494),
	(34,6,0,'2017-08-26 01:52:37',0,495),
	(4,28,0,'2017-10-31 08:56:18',1,496),
	(60,48,0,'2017-10-11 21:40:36',0,497),
	(13,9,1,'2017-10-31 12:31:03',0,498),
	(66,69,1,'2017-09-28 14:44:02',0,499),
	(49,19,0,'2017-07-10 04:56:41',1,500),
	(43,14,0,'2017-09-13 23:10:52',1,501),
	(45,56,0,'2017-07-26 23:32:01',0,502),
	(82,97,0,'2017-11-10 23:10:45',0,503),
	(48,36,1,'2017-12-12 22:38:13',1,504),
	(16,4,1,'2017-08-21 05:54:07',0,505),
	(75,45,0,'2017-12-02 09:31:38',0,506),
	(53,88,0,'2017-11-25 09:33:47',1,507),
	(7,81,1,'2017-10-25 09:43:51',0,508),
	(35,98,1,'2017-10-29 01:45:02',1,509),
	(20,74,0,'2017-07-06 19:46:06',0,510),
	(25,60,0,'2017-12-17 23:41:25',1,511),
	(92,48,0,'2017-12-20 15:28:49',1,512),
	(46,86,1,'2017-08-12 01:22:58',0,513),
	(61,70,0,'2017-12-13 22:24:26',1,514),
	(82,87,1,'2017-08-12 08:24:17',0,515),
	(76,85,1,'2017-11-18 08:03:48',0,516),
	(57,66,0,'2017-11-03 11:36:19',1,517),
	(41,63,1,'2017-12-24 12:45:03',0,518),
	(29,55,1,'2017-07-16 04:15:37',1,519),
	(34,20,1,'2017-08-09 12:01:17',1,520),
	(74,52,1,'2017-07-29 21:30:36',0,521),
	(16,82,0,'2017-12-24 02:33:55',1,522),
	(99,87,0,'2017-11-30 20:43:26',0,523),
	(11,34,1,'2017-10-20 22:48:29',0,524),
	(72,31,0,'2017-07-26 23:12:12',1,525),
	(23,60,1,'2017-09-16 01:34:08',0,526),
	(23,8,1,'2017-11-12 02:50:30',1,527),
	(2,82,1,'2017-07-15 15:38:47',0,528),
	(6,7,1,'2017-11-11 07:51:59',1,529),
	(54,58,1,'2017-11-17 07:41:56',1,530),
	(48,73,0,'2017-09-22 06:28:07',0,531),
	(88,71,0,'2017-09-11 15:36:45',1,532),
	(55,39,0,'2017-10-29 00:11:30',1,533),
	(82,3,0,'2017-09-28 16:12:07',0,534),
	(41,59,0,'2017-08-08 05:30:25',0,535),
	(85,87,1,'2017-10-12 02:03:06',0,536),
	(73,24,1,'2017-12-14 07:29:14',1,537),
	(58,67,1,'2017-12-09 18:28:27',1,538),
	(75,56,0,'2017-11-17 07:13:38',1,539),
	(80,50,0,'2017-08-04 17:42:40',1,540),
	(70,71,0,'2017-12-05 09:55:30',0,541),
	(4,71,1,'2017-10-11 12:48:24',0,542),
	(70,83,0,'2017-10-17 12:00:09',0,543),
	(32,71,0,'2017-12-17 03:31:29',1,544),
	(100,24,0,'2017-12-26 13:55:16',0,545),
	(47,25,0,'2017-09-01 11:30:09',0,546),
	(81,20,0,'2017-10-13 14:54:00',1,547),
	(54,4,1,'2017-08-01 11:31:06',1,548),
	(74,81,0,'2017-07-30 15:42:09',0,549),
	(99,39,0,'2017-10-10 03:22:11',1,550),
	(38,14,0,'2017-10-25 23:04:49',1,551),
	(68,55,1,'2017-07-31 04:05:23',1,552),
	(67,21,0,'2017-11-25 21:00:51',0,553),
	(19,2,0,'2017-10-26 22:39:03',1,554),
	(85,73,1,'2017-08-30 18:45:22',1,555),
	(93,57,0,'2017-10-20 00:44:47',1,556),
	(66,18,0,'2017-08-12 15:14:12',1,557),
	(54,64,0,'2017-10-08 03:32:21',0,558),
	(40,100,0,'2017-10-25 04:37:00',1,559),
	(42,30,1,'2017-10-10 08:35:57',1,560),
	(43,96,0,'2017-09-29 20:06:44',1,561),
	(17,90,0,'2017-08-11 21:57:40',1,562),
	(38,43,0,'2017-08-03 09:16:27',1,563),
	(59,69,0,'2017-10-06 15:40:33',0,564),
	(56,100,0,'2017-11-18 03:35:19',0,565),
	(15,88,1,'2017-09-17 18:12:59',1,566),
	(94,22,0,'2017-12-06 23:34:05',1,567),
	(80,22,0,'2017-07-02 01:25:26',1,568),
	(58,98,0,'2017-07-29 21:40:24',1,569),
	(96,96,1,'2017-07-02 20:33:12',0,570),
	(4,34,1,'2017-07-22 05:31:17',1,571),
	(53,52,0,'2017-08-16 23:55:56',1,572),
	(4,38,0,'2017-12-20 20:33:07',1,573),
	(24,57,1,'2017-09-07 03:47:12',0,574),
	(79,44,1,'2017-09-23 17:16:30',0,575),
	(2,59,0,'2017-10-19 21:40:26',0,576),
	(55,41,0,'2017-07-25 00:07:23',0,577),
	(13,28,0,'2017-08-07 06:25:02',0,578),
	(52,95,0,'2017-11-01 06:40:34',0,579),
	(96,98,1,'2017-12-23 04:24:28',0,580),
	(82,62,1,'2017-08-07 17:00:21',0,581),
	(81,54,1,'2017-08-31 15:08:58',0,582),
	(17,16,1,'2017-11-07 14:31:49',1,583),
	(91,61,0,'2017-11-15 11:42:06',0,584),
	(17,3,1,'2017-12-27 12:26:33',0,585),
	(59,20,0,'2017-08-27 04:07:32',1,586),
	(40,48,0,'2017-08-27 15:54:26',1,587),
	(87,13,1,'2017-12-28 10:10:15',0,588),
	(20,22,1,'2017-11-07 00:43:58',0,589),
	(81,9,0,'2017-10-04 20:08:01',0,590),
	(74,82,1,'2017-11-03 05:47:49',1,591),
	(93,24,1,'2017-10-30 12:53:03',0,592),
	(15,18,0,'2017-08-12 23:45:19',0,593),
	(22,11,1,'2017-10-09 21:47:18',0,594),
	(14,32,1,'2017-08-29 23:55:09',0,595),
	(40,39,0,'2017-12-28 07:52:17',0,596),
	(100,42,0,'2017-07-16 20:53:33',0,597),
	(60,24,1,'2017-08-26 18:01:36',1,598),
	(15,28,0,'2017-08-16 11:18:36',1,599),
	(90,8,0,'2017-07-07 10:42:20',0,600),
	(62,33,0,'2017-11-19 02:34:42',0,601),
	(91,82,0,'2017-08-07 23:45:02',1,602),
	(39,15,0,'2017-12-07 04:34:32',1,603),
	(76,56,1,'2017-07-21 20:23:02',1,604),
	(60,80,1,'2017-08-23 19:02:18',1,605),
	(21,1,1,'2017-12-19 09:29:54',1,606),
	(21,56,1,'2017-07-04 11:03:30',1,607),
	(90,100,1,'2017-08-06 20:13:38',1,608),
	(98,23,1,'2017-08-20 19:25:44',1,609),
	(65,44,1,'2017-07-07 00:08:19',1,610),
	(15,4,0,'2017-08-29 06:34:38',1,611),
	(88,65,0,'2017-08-02 14:39:14',1,612),
	(16,67,0,'2017-12-30 15:47:59',0,613),
	(43,7,0,'2017-07-17 05:25:09',1,614),
	(82,19,1,'2017-09-08 16:47:23',1,615),
	(19,44,0,'2017-09-22 08:11:07',0,616),
	(70,78,1,'2017-09-11 05:05:06',1,617),
	(5,24,0,'2017-07-20 21:52:03',0,618),
	(11,1,0,'2017-12-07 05:21:43',0,619),
	(99,39,1,'2017-11-26 10:16:14',0,620),
	(5,48,1,'2017-09-22 21:29:04',1,621),
	(69,75,1,'2017-07-01 19:32:24',0,622),
	(44,1,1,'2017-09-28 00:43:09',0,623),
	(21,71,0,'2017-11-23 05:42:14',0,624),
	(89,14,0,'2017-09-13 11:46:48',1,625),
	(12,11,1,'2017-08-20 21:39:38',1,626),
	(52,81,1,'2017-12-14 18:54:18',1,627),
	(39,41,0,'2017-07-01 00:05:03',0,628),
	(16,89,1,'2017-07-29 19:42:47',1,629),
	(62,24,0,'2017-08-21 06:46:58',1,630),
	(37,16,1,'2017-11-22 03:17:53',0,631),
	(38,51,1,'2017-12-09 08:53:21',1,632),
	(32,17,0,'2017-10-27 18:23:54',1,634),
	(63,57,0,'2017-12-01 14:43:47',1,635),
	(73,91,0,'2017-09-14 13:51:10',0,636),
	(87,54,0,'2017-08-05 03:58:39',1,637),
	(23,70,0,'2017-12-13 00:03:35',1,638),
	(79,34,1,'2017-08-28 05:36:16',1,639),
	(50,55,1,'2017-07-07 03:48:20',1,640),
	(85,4,0,'2017-07-07 06:16:36',0,641),
	(87,29,1,'2017-08-18 13:09:28',1,642),
	(85,34,0,'2017-10-25 14:21:24',0,643),
	(36,9,0,'2017-12-01 02:18:03',0,644),
	(85,83,1,'2017-10-07 10:58:26',0,645),
	(56,57,0,'2017-10-19 07:07:51',0,646),
	(16,48,1,'2017-09-01 12:54:49',1,647),
	(64,18,1,'2017-07-02 09:54:26',1,648),
	(16,53,1,'2017-07-30 17:48:43',0,649),
	(75,46,1,'2017-07-10 05:43:47',1,650),
	(79,18,0,'2017-10-05 08:19:46',1,651),
	(11,88,1,'2017-08-29 12:54:40',1,652),
	(84,62,0,'2017-09-21 12:05:47',1,653),
	(18,44,0,'2017-10-25 20:52:54',1,654),
	(29,21,0,'2017-11-18 17:34:46',0,655),
	(95,5,0,'2017-12-07 15:04:50',0,656),
	(70,44,0,'2017-12-25 04:09:03',1,657),
	(28,18,0,'2017-07-16 03:27:07',0,658),
	(89,84,1,'2017-11-15 17:56:12',1,659),
	(35,60,0,'2017-07-09 18:46:08',1,660),
	(32,55,0,'2017-10-01 03:36:46',1,661),
	(24,81,1,'2017-08-20 22:40:39',1,662),
	(79,45,1,'2017-09-18 17:11:48',0,663),
	(15,78,0,'2017-12-03 18:33:44',1,664),
	(13,18,0,'2017-07-19 21:23:25',1,665),
	(27,12,0,'2017-10-23 00:26:48',0,666),
	(48,34,1,'2017-09-15 04:44:26',1,667),
	(85,15,0,'2017-10-09 10:50:11',1,668),
	(56,20,0,'2017-10-14 02:23:36',0,669),
	(59,10,1,'2017-11-02 03:00:48',1,670),
	(94,12,0,'2017-10-31 11:48:17',0,671),
	(13,37,1,'2017-08-28 13:18:08',1,672),
	(10,94,0,'2017-12-15 06:03:17',0,673),
	(84,49,0,'2017-11-24 07:49:41',1,674),
	(26,91,1,'2017-07-20 16:27:53',1,675),
	(93,58,0,'2017-08-25 19:51:59',1,676),
	(34,66,1,'2017-11-15 16:02:41',1,677),
	(60,3,1,'2017-07-08 19:14:06',0,678),
	(81,12,1,'2017-12-01 03:17:00',0,679),
	(80,5,0,'2017-10-31 18:30:07',0,680),
	(81,55,1,'2017-08-03 15:42:41',0,681),
	(88,90,1,'2017-07-07 20:16:27',0,682),
	(66,30,0,'2017-10-18 15:21:41',1,683),
	(1,3,0,'2017-09-22 01:10:58',0,684),
	(59,27,1,'2017-10-12 06:16:17',0,685),
	(85,26,1,'2017-12-03 07:11:49',0,686),
	(10,68,0,'2017-12-27 06:57:51',0,687),
	(77,85,0,'2017-10-11 14:13:14',0,688),
	(79,33,0,'2017-11-14 19:17:12',1,689),
	(87,55,0,'2017-07-06 09:11:45',1,690),
	(64,84,1,'2017-11-07 03:20:18',0,691),
	(50,48,0,'2017-09-08 12:23:40',0,692),
	(49,58,0,'2017-09-09 11:24:50',0,693),
	(33,24,1,'2017-12-04 06:40:46',0,694),
	(4,24,0,'2017-07-13 07:08:15',0,695),
	(96,56,0,'2017-08-20 15:02:39',0,696),
	(18,100,0,'2017-11-07 17:50:13',1,697),
	(82,85,1,'2017-07-24 13:15:35',1,698),
	(100,64,0,'2017-10-06 14:51:28',0,699),
	(60,3,1,'2017-07-18 02:39:11',0,700),
	(24,46,1,'2017-08-23 14:32:25',0,701),
	(34,34,0,'2017-11-19 21:55:03',1,702),
	(91,56,1,'2017-07-15 01:43:44',1,703),
	(72,15,1,'2017-08-03 03:03:36',1,704),
	(99,55,0,'2017-09-16 08:58:09',0,705),
	(40,18,1,'2017-09-22 17:36:22',0,706),
	(2,4,1,'2017-07-03 03:42:12',1,707),
	(21,32,0,'2017-08-03 03:05:15',0,708),
	(11,49,0,'2017-12-17 05:04:05',1,709),
	(80,14,1,'2017-10-21 10:28:27',1,710),
	(15,59,0,'2017-07-01 13:17:09',0,711),
	(49,71,0,'2017-11-27 06:54:45',0,712),
	(33,12,0,'2017-11-09 07:46:19',0,713),
	(2,51,1,'2017-09-19 20:36:10',1,714),
	(65,32,0,'2017-12-11 10:23:00',0,715),
	(80,92,0,'2017-07-13 06:46:36',1,716),
	(75,61,1,'2017-11-06 07:28:03',0,717),
	(15,79,1,'2017-10-18 22:39:27',0,718),
	(23,93,1,'2017-08-28 11:59:27',1,719),
	(9,37,0,'2017-11-11 20:36:43',0,720),
	(30,92,1,'2017-11-14 03:09:06',1,721),
	(76,29,1,'2017-07-20 09:12:08',1,722),
	(71,86,1,'2017-10-27 03:08:52',0,723),
	(75,49,0,'2017-08-03 21:40:44',0,724),
	(71,73,1,'2017-10-19 03:09:43',0,725),
	(80,21,0,'2017-12-19 23:52:19',0,726),
	(53,52,1,'2017-11-24 16:19:08',1,727),
	(7,12,1,'2017-10-21 21:55:52',1,728),
	(73,47,1,'2017-09-05 06:14:26',1,729),
	(58,45,0,'2017-12-21 14:04:27',1,730),
	(66,35,1,'2017-12-22 21:07:20',1,731),
	(73,87,1,'2017-09-07 15:15:45',1,732),
	(42,70,1,'2017-11-25 00:36:50',1,733),
	(58,17,1,'2017-08-23 09:11:33',0,734),
	(39,90,1,'2017-12-21 03:46:51',0,735),
	(92,53,1,'2017-07-25 15:11:02',1,736),
	(8,32,0,'2017-11-29 10:18:06',1,737),
	(92,14,1,'2017-11-08 21:29:30',0,738),
	(42,8,0,'2017-12-15 22:38:24',0,739),
	(57,74,1,'2017-08-09 16:43:55',0,740),
	(60,34,0,'2017-09-23 10:44:14',0,741),
	(13,77,0,'2017-08-15 20:56:47',1,742),
	(83,58,1,'2017-11-06 16:22:04',0,743),
	(13,11,1,'2017-11-17 17:20:34',1,744),
	(30,60,0,'2017-07-18 03:52:37',1,745),
	(57,32,0,'2017-09-05 11:44:16',0,746),
	(46,3,1,'2017-11-13 10:28:06',1,747),
	(85,18,0,'2017-08-07 17:20:10',1,748),
	(32,73,1,'2017-10-07 14:20:13',1,749),
	(78,20,0,'2017-11-10 05:38:51',1,750),
	(59,80,1,'2017-11-13 16:12:28',0,751),
	(68,72,1,'2017-09-07 23:24:36',0,752),
	(46,92,0,'2017-12-14 22:58:19',0,753),
	(50,98,0,'2017-07-26 10:33:14',1,754),
	(50,88,0,'2017-07-23 06:38:23',1,755),
	(75,36,1,'2017-08-28 02:40:57',0,756),
	(74,9,0,'2017-12-06 11:03:00',1,757),
	(1,1,1,'2017-07-31 16:43:16',1,758),
	(63,97,0,'2017-10-20 14:14:08',0,759),
	(87,33,1,'2017-10-05 03:37:25',1,760),
	(50,76,1,'2017-10-28 22:12:17',0,761),
	(100,13,1,'2017-08-17 17:13:51',1,762),
	(81,8,0,'2017-11-23 18:04:29',0,763),
	(29,13,1,'2017-08-24 08:26:22',1,764),
	(80,93,0,'2017-09-28 20:15:28',1,765),
	(86,40,1,'2017-11-17 10:49:18',1,766),
	(15,42,0,'2017-10-19 17:32:10',0,767),
	(9,62,1,'2017-12-13 09:26:16',0,768),
	(6,9,1,'2017-07-09 05:23:26',0,769),
	(84,61,1,'2017-07-24 02:30:17',0,770),
	(63,68,0,'2017-11-19 04:20:02',1,771),
	(61,19,1,'2017-08-17 13:12:07',0,772),
	(67,39,1,'2017-12-13 22:36:40',1,773),
	(52,99,0,'2017-07-27 09:03:03',0,774),
	(75,91,1,'2017-09-28 01:24:17',0,775),
	(40,57,1,'2017-12-24 03:19:34',1,776),
	(99,29,1,'2017-12-15 08:32:15',1,777),
	(78,85,1,'2017-12-02 13:01:29',1,778),
	(36,83,0,'2017-08-13 18:05:18',0,779),
	(97,67,0,'2017-11-04 11:54:47',0,780),
	(100,96,1,'2017-08-13 21:14:21',0,781),
	(34,67,0,'2017-11-25 02:52:42',0,782),
	(77,83,1,'2017-07-12 12:16:16',0,783),
	(41,73,0,'2017-09-06 11:21:01',1,784),
	(99,80,1,'2017-11-10 09:45:28',0,785),
	(34,66,0,'2017-10-26 14:09:30',0,786),
	(12,9,1,'2017-10-04 23:12:10',0,787),
	(90,46,1,'2017-11-28 22:19:34',1,788),
	(35,26,0,'2017-12-08 11:35:27',0,789),
	(46,63,0,'2017-12-09 08:02:46',0,790),
	(85,45,0,'2017-12-20 00:34:41',1,791),
	(51,7,1,'2017-11-16 09:55:15',1,792),
	(84,85,1,'2017-07-11 19:49:14',0,793),
	(67,28,1,'2017-08-27 18:10:20',1,794),
	(52,97,1,'2017-10-10 00:23:57',0,795),
	(57,22,0,'2017-10-22 02:18:05',1,796),
	(97,92,0,'2017-10-02 02:34:22',0,797),
	(49,56,1,'2017-08-19 01:06:49',1,798),
	(99,29,1,'2017-12-14 07:13:45',1,799),
	(26,84,1,'2017-09-05 20:17:19',1,800),
	(41,73,0,'2017-07-23 13:56:02',1,801),
	(31,21,0,'2017-10-27 18:44:38',0,802),
	(81,23,0,'2017-08-23 23:32:20',0,803),
	(24,93,0,'2017-12-18 20:10:45',0,804),
	(69,86,1,'2017-08-22 06:09:06',1,805),
	(23,54,0,'2017-09-09 10:57:09',0,806),
	(17,9,1,'2017-12-10 02:29:47',0,807),
	(68,54,0,'2017-08-31 03:11:24',0,808),
	(1,51,1,'2017-08-06 15:41:04',1,809),
	(98,4,1,'2017-11-23 20:20:21',1,810),
	(50,46,1,'2017-11-11 16:12:30',1,811),
	(65,12,0,'2017-07-11 15:01:09',1,812),
	(61,84,0,'2017-07-12 21:50:50',1,813),
	(11,8,1,'2017-08-31 18:52:00',0,814),
	(27,49,1,'2017-07-01 13:46:32',0,815),
	(56,48,0,'2017-10-22 22:37:28',1,816),
	(46,57,1,'2017-07-10 23:50:26',0,817),
	(11,14,1,'2017-09-15 01:08:46',1,818),
	(29,93,1,'2017-11-19 17:08:37',1,819),
	(93,32,1,'2017-08-22 02:12:14',1,820),
	(61,47,0,'2017-12-15 14:44:37',1,821),
	(96,17,0,'2017-11-05 20:20:50',0,822),
	(63,53,0,'2017-12-21 11:28:24',0,823),
	(51,89,0,'2017-12-17 17:36:48',0,824),
	(44,60,1,'2017-11-22 08:45:06',0,825),
	(64,84,0,'2017-08-13 20:51:24',0,826),
	(64,74,1,'2017-08-01 10:39:59',1,827),
	(18,45,1,'2017-11-05 17:57:38',0,828),
	(18,15,1,'2017-08-08 02:25:52',1,829),
	(90,57,0,'2017-07-22 07:19:54',0,830),
	(24,70,0,'2017-12-22 02:52:30',1,831),
	(53,35,1,'2017-08-15 22:03:01',1,832),
	(44,48,0,'2017-08-06 18:59:18',0,833),
	(99,61,0,'2017-10-22 17:13:05',1,834),
	(62,48,1,'2017-07-24 13:04:28',0,835),
	(13,61,1,'2017-12-13 01:02:52',1,836),
	(54,30,1,'2017-10-26 06:54:06',1,837),
	(85,77,0,'2017-09-04 02:52:46',0,838),
	(22,94,0,'2017-08-02 18:11:20',0,839),
	(98,74,0,'2017-11-14 02:36:37',0,840),
	(79,69,0,'2017-08-29 00:05:41',1,841),
	(99,48,1,'2017-11-01 02:34:27',0,842),
	(9,33,0,'2017-09-02 03:45:00',0,843),
	(63,96,1,'2017-12-12 19:14:01',0,844),
	(93,4,1,'2017-12-20 04:06:34',1,845),
	(38,89,0,'2017-08-24 05:42:45',1,846),
	(20,95,1,'2017-12-03 18:06:55',1,847),
	(90,58,1,'2017-11-02 04:04:46',1,848),
	(55,28,0,'2017-11-27 21:07:58',1,849),
	(46,82,1,'2017-11-27 00:26:14',1,850),
	(6,91,0,'2017-09-23 00:52:10',0,851),
	(9,27,0,'2017-07-03 08:57:44',1,852),
	(31,99,0,'2017-08-06 22:49:23',1,853),
	(56,3,0,'2017-12-16 03:50:38',1,854),
	(42,26,0,'2017-08-07 03:59:08',1,855),
	(18,32,0,'2017-11-07 10:25:22',0,856),
	(80,98,1,'2017-12-24 01:41:41',0,857),
	(16,25,1,'2017-07-31 07:02:02',0,858),
	(75,50,0,'2017-08-12 10:51:13',0,859),
	(92,54,1,'2017-10-05 00:57:38',0,860),
	(49,19,1,'2017-07-13 07:15:24',0,861),
	(48,91,1,'2017-09-05 14:36:01',0,862),
	(50,34,1,'2017-07-16 09:19:51',0,863),
	(54,47,1,'2017-11-08 11:59:57',0,864),
	(63,58,1,'2017-07-06 15:49:56',1,865),
	(15,45,0,'2017-11-18 19:55:07',0,866),
	(5,1,0,'2017-11-07 22:03:41',0,867),
	(69,77,0,'2017-12-28 00:29:33',1,868),
	(75,99,0,'2017-10-30 16:57:34',1,869),
	(1,63,0,'2017-09-17 18:33:48',1,870),
	(44,53,1,'2017-07-12 15:42:09',1,871),
	(92,43,1,'2017-07-02 22:08:23',0,872),
	(85,2,1,'2017-09-04 03:25:30',1,873),
	(2,18,1,'2017-08-19 09:00:09',1,874),
	(7,74,0,'2017-09-15 15:32:10',1,875),
	(49,3,0,'2017-11-05 07:56:29',1,876),
	(82,57,1,'2017-11-21 09:03:30',1,877),
	(7,24,0,'2017-10-06 00:18:32',0,878),
	(46,4,1,'2017-12-15 16:30:25',0,879),
	(12,50,0,'2017-09-09 16:30:27',0,880),
	(26,6,0,'2017-12-17 12:57:41',1,881),
	(70,8,1,'2017-07-19 08:14:28',1,882),
	(12,15,0,'2017-09-07 20:16:27',0,883),
	(69,10,1,'2017-12-28 00:31:36',1,884),
	(42,37,1,'2017-09-18 08:04:59',0,885),
	(27,92,0,'2017-10-30 01:07:34',1,886),
	(13,92,0,'2017-12-10 13:27:26',0,887),
	(32,52,1,'2017-08-15 13:21:10',0,888),
	(40,86,1,'2017-11-25 13:12:47',0,889),
	(99,50,0,'2017-10-25 22:48:19',1,890),
	(62,67,0,'2017-07-05 15:38:23',0,891),
	(94,35,1,'2017-09-04 11:33:00',1,892),
	(5,62,1,'2017-08-04 23:37:41',1,893),
	(67,23,1,'2017-10-02 15:44:27',0,894),
	(11,7,0,'2017-12-29 20:47:16',1,895),
	(41,92,1,'2017-11-18 02:19:41',1,896),
	(77,22,0,'2017-08-23 14:26:13',1,897),
	(9,27,0,'2017-08-18 06:27:55',0,898),
	(95,42,1,'2017-12-26 15:29:47',1,899),
	(84,45,1,'2017-08-17 02:19:52',0,900),
	(16,48,0,'2017-12-26 11:24:00',0,901),
	(95,18,0,'2017-07-30 18:15:42',0,902),
	(39,39,1,'2017-11-07 06:09:02',1,903),
	(94,44,0,'2017-09-23 18:33:36',1,904),
	(82,47,0,'2017-11-07 05:31:22',0,905),
	(49,70,0,'2017-08-04 21:33:25',0,906),
	(30,83,0,'2017-10-04 17:19:55',0,907),
	(63,23,1,'2017-12-30 10:35:36',1,908),
	(75,51,0,'2017-07-10 08:33:50',0,909),
	(80,31,0,'2017-07-07 15:11:59',1,910),
	(95,41,1,'2017-10-26 11:12:55',1,911),
	(75,14,1,'2017-08-05 07:56:16',1,912),
	(31,96,0,'2017-08-25 14:29:28',1,913),
	(79,35,1,'2017-11-23 15:22:26',1,914),
	(44,1,0,'2017-11-09 04:59:03',1,915),
	(16,75,1,'2017-12-17 00:49:09',1,916),
	(27,70,0,'2017-09-13 04:04:42',1,917),
	(59,58,0,'2017-12-06 11:18:58',0,918),
	(46,6,1,'2017-07-14 18:24:41',0,919),
	(6,60,1,'2017-11-20 03:57:15',1,920),
	(40,17,0,'2017-09-27 17:04:48',0,921),
	(69,23,1,'2017-12-17 20:10:42',0,922),
	(83,51,0,'2017-08-06 23:25:31',0,923),
	(14,100,0,'2017-12-23 09:19:37',1,924),
	(54,59,1,'2017-10-19 07:46:52',0,925),
	(41,88,1,'2017-08-08 17:28:23',1,926),
	(98,92,1,'2017-11-03 15:09:33',0,927),
	(69,93,1,'2017-08-17 19:57:40',0,928),
	(47,32,0,'2017-09-06 12:14:23',0,929),
	(62,98,1,'2017-10-13 10:16:04',0,930),
	(5,80,1,'2017-07-16 11:37:13',0,931),
	(44,53,0,'2017-11-06 22:40:24',1,932),
	(89,39,1,'2017-08-16 13:45:06',0,933),
	(22,94,1,'2017-12-30 09:43:20',1,934),
	(23,18,1,'2017-10-10 22:16:11',1,935),
	(92,73,0,'2017-09-15 01:50:30',1,936),
	(79,67,1,'2017-09-10 16:13:32',1,937),
	(26,21,1,'2017-08-06 04:31:09',0,938),
	(48,56,0,'2017-10-11 01:39:57',0,939),
	(45,5,0,'2017-12-03 07:27:04',0,940),
	(41,67,0,'2017-08-17 19:01:32',1,941),
	(69,49,1,'2017-12-11 21:05:58',0,942),
	(30,65,1,'2017-09-15 01:18:15',0,943),
	(9,55,1,'2017-11-13 18:27:38',0,944),
	(11,4,0,'2017-11-19 22:28:01',1,945),
	(100,10,1,'2017-07-22 16:14:52',0,946),
	(84,11,1,'2017-08-09 12:39:43',0,947),
	(68,68,0,'2017-08-02 09:05:12',0,948),
	(68,47,1,'2017-07-21 17:17:45',1,949),
	(63,61,1,'2017-11-30 13:35:58',0,950),
	(81,99,0,'2017-09-02 22:28:26',0,951),
	(58,44,0,'2017-07-21 23:29:09',1,952),
	(98,40,0,'2017-11-10 12:36:29',1,953),
	(43,40,1,'2017-10-02 09:31:13',0,954),
	(79,23,0,'2017-11-13 00:43:56',0,955),
	(27,40,0,'2017-12-14 10:45:49',1,956),
	(29,38,0,'2017-08-12 22:44:19',1,957),
	(20,6,0,'2017-08-02 15:16:43',1,958),
	(13,47,0,'2017-09-11 21:40:50',1,959),
	(48,25,1,'2017-12-13 09:35:22',1,960),
	(93,24,0,'2017-12-04 18:21:34',0,961),
	(71,48,1,'2017-10-06 20:21:45',1,962),
	(37,29,1,'2017-09-16 17:40:04',1,963),
	(52,89,0,'2017-09-11 00:33:45',0,964),
	(33,20,1,'2017-08-26 18:24:04',1,965),
	(95,54,0,'2017-11-20 13:11:38',1,966),
	(34,41,1,'2017-09-10 00:01:06',0,967),
	(70,12,1,'2017-12-02 13:01:59',0,968),
	(81,84,1,'2017-07-10 18:55:39',0,969),
	(10,48,1,'2017-09-11 04:23:28',1,970),
	(69,88,1,'2017-11-29 05:49:33',1,971),
	(82,55,0,'2017-08-19 03:14:12',1,972),
	(80,13,0,'2017-07-01 04:36:16',0,973),
	(97,41,1,'2017-09-08 16:18:50',0,974),
	(84,26,1,'2017-08-27 14:21:37',0,975),
	(35,31,0,'2017-11-29 18:35:23',0,976),
	(35,25,1,'2017-08-06 00:40:01',1,977),
	(98,47,1,'2017-09-04 03:18:18',1,978),
	(94,21,0,'2017-07-19 08:40:56',0,979),
	(89,35,1,'2017-08-29 19:20:59',1,980),
	(25,37,1,'2017-12-10 21:56:41',0,981),
	(71,42,1,'2017-08-19 13:30:52',0,982),
	(76,54,1,'2017-07-17 21:25:10',0,983),
	(11,71,0,'2017-12-18 22:12:32',1,984),
	(62,21,1,'2017-10-13 05:38:25',1,985),
	(81,16,1,'2017-10-28 03:29:42',1,986),
	(49,14,1,'2017-11-07 02:17:03',1,987),
	(76,61,1,'2017-09-03 23:41:56',1,988),
	(72,9,1,'2017-11-06 01:11:42',0,989),
	(4,99,1,'2017-09-01 16:53:45',1,990),
	(7,12,0,'2017-10-28 16:01:01',0,991),
	(19,45,0,'2017-07-23 03:18:50',0,992),
	(87,59,0,'2017-10-14 10:56:56',1,993),
	(73,38,0,'2017-10-30 03:20:12',1,994),
	(21,81,0,'2017-08-16 05:06:48',0,995),
	(82,33,0,'2017-07-29 11:58:00',0,996),
	(73,28,1,'2017-07-06 12:57:50',0,997),
	(82,22,0,'2017-10-17 12:48:39',1,998),
	(31,74,0,'2017-12-27 01:40:27',1,999),
	(28,100,1,'2017-12-13 00:53:09',0,1000),
	(24,24,0,'2017-03-31 00:00:00',0,1001);

/*!40000 ALTER TABLE `access` ENABLE KEYS */;
UNLOCK TABLES;


# Dump of table admin
# ------------------------------------------------------------

DROP TABLE IF EXISTS `admin`;

CREATE TABLE `admin` (
  `Id_admin` int(11) NOT NULL AUTO_INCREMENT,
  `Username` varchar(25) NOT NULL DEFAULT '',
  `Password` varchar(100) NOT NULL,
  PRIMARY KEY (`Id_admin`)
) ENGINE=InnoDB AUTO_INCREMENT=6 DEFAULT CHARSET=latin1;

LOCK TABLES `admin` WRITE;
/*!40000 ALTER TABLE `admin` DISABLE KEYS */;

INSERT INTO `admin` (`Id_admin`, `Username`, `Password`)
VALUES
	(5,'admin','63a9f0ea7bb98050796b649e85481845');

/*!40000 ALTER TABLE `admin` ENABLE KEYS */;
UNLOCK TABLES;


# Dump of table permission
# ------------------------------------------------------------

DROP TABLE IF EXISTS `permission`;

CREATE TABLE `permission` (
  `Id_permission` int(11) NOT NULL AUTO_INCREMENT,
  `Id_user` int(11) NOT NULL,
  `Id_room` int(11) NOT NULL,
  `Time_from` timestamp NOT NULL DEFAULT CURRENT_TIMESTAMP,
  `Time_to` timestamp NOT NULL DEFAULT CURRENT_TIMESTAMP,
  PRIMARY KEY (`Id_permission`),
  KEY `Id_room_idx` (`Id_room`),
  KEY `Id_user_idx` (`Id_user`),
  CONSTRAINT `fk_permission_id_room` FOREIGN KEY (`Id_room`) REFERENCES `room` (`Id_room`) ON DELETE CASCADE ON UPDATE CASCADE,
  CONSTRAINT `fk_permission_id_user` FOREIGN KEY (`Id_user`) REFERENCES `user` (`Id_user`) ON DELETE CASCADE ON UPDATE CASCADE
) ENGINE=InnoDB AUTO_INCREMENT=51 DEFAULT CHARSET=latin1;

LOCK TABLES `permission` WRITE;
/*!40000 ALTER TABLE `permission` DISABLE KEYS */;

INSERT INTO `permission` (`Id_permission`, `Id_user`, `Id_room`, `Time_from`, `Time_to`)
VALUES
	(1,5,31,'2017-04-11 16:53:04','2017-07-10 05:31:55'),
	(2,17,16,'2017-02-28 08:31:40','2017-12-30 21:44:22'),
	(3,41,85,'2017-04-12 23:32:34','2017-10-24 08:20:20'),
	(4,87,84,'2017-05-25 06:53:33','2017-11-11 18:21:15'),
	(5,82,25,'2017-01-09 04:49:53','2017-12-20 18:36:17'),
	(6,72,83,'2017-01-31 22:24:59','2017-09-01 20:57:46'),
	(7,26,64,'2017-06-03 08:50:05','2017-07-07 16:55:02'),
	(8,43,41,'2017-02-17 19:12:11','2017-08-07 22:20:13'),
	(9,19,81,'2017-03-28 01:40:06','2017-10-28 13:15:02'),
	(10,10,41,'2017-05-04 06:34:55','2017-09-27 00:41:03'),
	(11,76,51,'2017-01-12 07:55:41','2017-07-02 10:37:39'),
	(12,26,49,'2017-06-10 17:56:48','2017-08-06 01:31:48'),
	(13,6,75,'2017-02-25 05:02:41','2017-12-27 05:47:03'),
	(14,57,19,'2017-03-08 11:18:36','2017-12-08 06:24:27'),
	(15,86,70,'2017-04-26 16:19:57','2017-07-18 19:23:29'),
	(16,36,2,'2017-01-12 03:21:29','2017-11-15 07:44:56'),
	(17,47,27,'2017-01-29 14:26:51','2017-09-06 10:09:54'),
	(18,76,93,'2017-01-25 12:38:12','2017-07-04 10:44:59'),
	(19,16,75,'2017-04-30 19:48:10','2017-11-11 14:17:21'),
	(20,86,24,'2017-04-11 01:14:06','2017-07-14 01:20:14'),
	(21,67,72,'2017-04-28 14:45:52','2017-07-31 16:13:07'),
	(22,78,9,'2017-06-29 13:00:40','2017-07-22 01:23:52'),
	(23,30,63,'2017-01-06 22:33:13','2017-10-12 16:07:33'),
	(24,59,25,'2017-02-22 05:21:26','2017-07-28 09:31:39'),
	(25,74,90,'2017-05-01 12:06:18','2017-07-04 00:04:22'),
	(26,65,24,'2017-06-05 14:57:07','2017-10-30 09:54:28'),
	(27,66,66,'2017-01-09 20:28:45','2017-12-22 07:52:49'),
	(28,43,25,'2017-02-11 00:31:04','2017-08-09 10:12:57'),
	(29,52,86,'2017-03-06 06:43:18','2017-07-13 04:04:46'),
	(30,58,94,'2017-03-17 02:02:53','2017-07-28 13:23:36'),
	(31,40,99,'2017-05-10 14:53:40','2017-08-08 14:36:52'),
	(32,41,84,'2017-05-10 04:41:28','2017-09-04 19:23:25'),
	(33,36,39,'2017-02-05 01:39:03','2017-10-08 07:36:11'),
	(34,19,19,'2017-04-12 11:42:05','2017-11-04 02:24:26'),
	(35,26,58,'2017-04-20 06:05:59','2017-08-03 21:52:39'),
	(36,100,56,'2017-03-31 16:00:14','2017-09-01 17:13:23'),
	(37,88,14,'2017-04-03 09:08:12','2017-07-07 06:29:30'),
	(38,86,12,'2017-05-14 20:32:57','2017-07-11 14:24:09'),
	(39,72,73,'2017-02-08 20:14:09','2017-07-31 18:27:52'),
	(40,18,32,'2017-04-18 03:28:13','2017-07-09 06:13:06'),
	(41,88,18,'2017-04-12 22:56:13','2017-10-05 23:02:42'),
	(42,50,90,'2017-01-28 15:50:56','2017-08-12 12:22:20'),
	(43,87,20,'2017-03-28 11:33:59','2017-07-03 11:57:41'),
	(44,57,48,'2017-01-04 02:05:44','2017-08-15 05:22:18'),
	(45,13,67,'2017-06-05 10:44:09','2017-10-10 14:00:18'),
	(46,75,30,'2017-03-15 11:41:19','2017-09-19 01:20:46'),
	(47,1,81,'2017-04-04 18:47:01','2017-07-13 21:34:34'),
	(48,5,64,'2017-01-26 13:10:16','2017-08-27 19:08:29'),
	(49,31,19,'2017-02-22 15:52:25','2017-09-08 04:10:44'),
	(50,14,98,'2017-01-13 14:54:09','2017-12-16 14:39:38');

/*!40000 ALTER TABLE `permission` ENABLE KEYS */;
UNLOCK TABLES;


# Dump of table room
# ------------------------------------------------------------

DROP TABLE IF EXISTS `room`;

CREATE TABLE `room` (
  `Id_room` int(11) NOT NULL AUTO_INCREMENT,
  `State` tinyint(1) NOT NULL,
  `Name` varchar(10) NOT NULL DEFAULT '',
  `Mac_address` varchar(17) NOT NULL DEFAULT '',
  PRIMARY KEY (`Id_room`)
) ENGINE=InnoDB AUTO_INCREMENT=101 DEFAULT CHARSET=latin1;

LOCK TABLES `room` WRITE;
/*!40000 ALTER TABLE `room` DISABLE KEYS */;

INSERT INTO `room` (`Id_room`, `State`, `Name`, `Mac_address`)
VALUES
	(1,1,'B444','F9-07-75-B4-EE-00'),
	(2,1,'B423','16-7F-F4-1C-5A-BD'),
	(3,0,'B143','B5-45-E3-CD-B6-CE'),
	(4,0,'A423','E5-D3-60-93-04-C6'),
	(5,1,'B442','C2-17-DD-3E-BC-8B'),
	(6,1,'A414','90-CB-08-91-3B-2E'),
	(7,1,'B434','E5-DD-16-3C-F9-29'),
	(8,1,'B244','AC-59-94-C8-9D-C6'),
	(9,1,'B411','8B-6A-62-CA-36-21'),
	(10,1,'A244','86-98-07-23-D8-16'),
	(11,1,'A414','6D-3C-45-39-96-CE'),
	(12,1,'A433','6F-8E-45-D5-FD-21'),
	(13,0,'A444','C9-65-A9-48-85-E2'),
	(14,1,'A342','25-41-F0-CE-32-BF'),
	(15,0,'A324','73-B4-43-6A-B9-4C'),
	(16,0,'A443','D6-08-DC-10-C5-64'),
	(17,0,'B322','EB-E1-62-F9-25-8F'),
	(18,0,'B343','5D-62-94-91-58-7B'),
	(19,0,'B444','DF-ED-02-26-B5-41'),
	(20,0,'A322','5B-0C-30-A9-0E-B2'),
	(21,0,'B244','C8-92-70-D8-C9-2A'),
	(22,1,'A442','99-40-01-EA-15-32'),
	(23,0,'A434','EB-53-47-47-37-DB'),
	(24,1,'A444','37-74-AB-53-64-4F'),
	(25,1,'B444','69-61-63-C3-C3-A1'),
	(26,1,'A344','77-53-92-98-46-16'),
	(27,1,'A433','23-AE-EB-24-A6-59'),
	(28,0,'A344','CC-4C-EB-6B-12-79'),
	(29,1,'A441','1D-6D-A7-EE-D6-B6'),
	(30,0,'A142','DD-21-48-F4-07-34'),
	(31,0,'A444','E5-2D-33-54-2C-EE'),
	(32,1,'A334','D1-E0-31-C7-14-75'),
	(33,1,'B444','53-A3-A2-E2-FF-B7'),
	(34,1,'A442','35-0D-26-A7-1D-F2'),
	(35,0,'B413','41-86-29-12-A6-10'),
	(36,1,'A444','A6-D7-6E-3A-45-B4'),
	(37,0,'A344','4E-65-B5-E1-87-4B'),
	(38,1,'B443','17-59-7F-C3-FC-D5'),
	(39,1,'B424','7A-C3-0D-6B-E0-61'),
	(40,0,'A413','07-74-59-82-6A-53'),
	(41,1,'B444','FA-E0-54-38-00-42'),
	(42,1,'A443','1D-56-06-F4-EC-91'),
	(43,1,'B423','70-19-AD-8E-09-B8'),
	(44,0,'B242','82-2F-7E-DE-6F-4B'),
	(45,0,'B443','60-7D-04-6D-26-B9'),
	(46,1,'B343','4B-4D-64-01-3E-02'),
	(47,0,'B443','64-5B-47-72-D4-96'),
	(48,0,'B432','26-F6-DB-2C-7B-DF'),
	(49,1,'A322','68-13-C5-DB-CD-78'),
	(50,0,'A434','92-09-49-65-E5-93'),
	(51,0,'B243','1E-10-49-9D-63-D5'),
	(52,1,'A413','CA-60-3D-5A-43-85'),
	(53,0,'A444','B8-91-FC-8E-68-41'),
	(54,0,'B424','58-CE-6B-F0-23-CE'),
	(55,1,'A124','D4-CB-AB-BF-BB-3B'),
	(56,1,'B343','6E-16-75-23-CE-A4'),
	(57,0,'A431','DE-FE-51-F2-89-CA'),
	(58,0,'B244','5D-E9-98-1B-D8-46'),
	(59,0,'A434','32-B9-75-CA-97-BC'),
	(60,0,'A344','0A-8C-35-DB-5B-F7'),
	(61,0,'A241','9A-77-F9-D4-AA-4D'),
	(62,0,'B442','48-07-D5-E6-40-11'),
	(63,0,'A441','FB-B4-A7-F3-23-80'),
	(64,1,'A224','F7-84-A8-2F-DD-99'),
	(65,0,'A424','A4-A5-5E-D2-AF-B5'),
	(66,0,'B134','76-E9-DA-A1-94-EF'),
	(67,0,'A442','2E-89-8E-E6-43-6E'),
	(68,1,'B113','01-C6-78-7E-6B-C4'),
	(69,1,'A234','87-B5-D3-2B-59-7B'),
	(70,1,'A424','73-AA-B9-3F-CF-95'),
	(71,0,'B141','C6-AD-A8-C7-EC-AD'),
	(72,1,'B422','53-F5-14-44-8B-39'),
	(73,0,'B413','42-99-70-58-4E-F7'),
	(74,1,'A434','08-30-AC-9E-6D-98'),
	(75,1,'A344','34-CF-88-0D-51-94'),
	(76,0,'A111','27-2C-44-3A-EE-A1'),
	(77,0,'B144','3E-8E-E5-69-10-4B'),
	(78,0,'B443','BD-CC-7B-58-54-AC'),
	(79,1,'A442','53-79-8B-78-80-DC'),
	(80,0,'A143','D4-19-99-6C-75-39'),
	(81,1,'A444','2A-EC-DA-2F-19-B2'),
	(82,1,'A144','6D-F3-73-A5-78-DD'),
	(83,1,'B434','5D-9B-47-1E-ED-83'),
	(84,1,'A334','6F-94-89-3E-95-1C'),
	(85,0,'A444','30-FD-D3-09-EC-FC'),
	(86,0,'A444','DC-CF-D1-00-39-2E'),
	(87,0,'A142','31-BE-77-D9-D7-42'),
	(88,1,'A111','2D-93-DA-08-A0-76'),
	(89,0,'A433','E4-22-B7-91-D7-BE'),
	(90,0,'A242','58-53-EA-E6-E1-7D'),
	(91,0,'A244','04-49-9B-88-6E-57'),
	(92,1,'B324','81-3E-62-3C-8B-78'),
	(93,1,'B343','A4-8C-29-0D-F7-28'),
	(94,0,'B444','56-16-1C-EB-D9-D1'),
	(95,1,'A314','5C-7E-AA-AE-5E-DC'),
	(96,0,'A444','A7-82-30-B8-54-3B'),
	(97,0,'A434','BA-2D-4E-CE-8B-BE'),
	(98,0,'B144','4B-1F-D1-07-A7-FE'),
	(99,0,'A444','CA-60-19-BE-1F-9B'),
	(100,0,'B432','7A-61-34-48-8E-F3');

/*!40000 ALTER TABLE `room` ENABLE KEYS */;
UNLOCK TABLES;


# Dump of table user
# ------------------------------------------------------------

DROP TABLE IF EXISTS `user`;

CREATE TABLE `user` (
  `Id_user` int(11) NOT NULL AUTO_INCREMENT,
  `Name` varchar(20) NOT NULL,
  `Surname` varchar(20) NOT NULL,
  `RFID` varchar(20) NOT NULL,
  PRIMARY KEY (`Id_user`),
  UNIQUE KEY `RFID_UNIQUE` (`RFID`)
) ENGINE=InnoDB AUTO_INCREMENT=101 DEFAULT CHARSET=latin1;

LOCK TABLES `user` WRITE;
/*!40000 ALTER TABLE `user` DISABLE KEYS */;

INSERT INTO `user` (`Id_user`, `Name`, `Surname`, `RFID`)
VALUES
	(1,'Judy','Hawkins','6345199834'),
	(2,'Deborah','Lewis','0558070701'),
	(3,'Ann','Fuller','6976329986'),
	(4,'Paul','Carpenter','5336374245'),
	(5,'Sandra','Barnes','1172303738'),
	(6,'Michael','Snyder','7069539274'),
	(7,'Jack','Lawson','1362836494'),
	(8,'James','Morrison','0071754067'),
	(9,'Debra','Sanders','4366132249'),
	(10,'Dorothy','Hanson','1458964531'),
	(11,'Anthony','Fields','3079041003'),
	(12,'Catherine','Woods','6096837530'),
	(13,'Roger','Grant','8392494687'),
	(14,'Rebecca','Gilbert','1987587448'),
	(15,'Lillian','Carpenter','3118508590'),
	(16,'Cynthia','Larson','0411046160'),
	(17,'Ralph','Mills','9165121287'),
	(18,'Deborah','Harvey','0132905590'),
	(19,'Clarence','Hart','4296848828'),
	(20,'Beverly','Larson','2441664603'),
	(21,'Mary','Freeman','9236519385'),
	(22,'Carlos','Rodriguez','4010485183'),
	(23,'Phyllis','Morris','4028245516'),
	(24,'Jesse','Ortiz','9771104888'),
	(25,'Jimmy','Mason','5268501194'),
	(26,'Clarence','James','7170572931'),
	(27,'Fred','Fields','4982267340'),
	(28,'Marie','Green','8948332449'),
	(29,'Jack','Roberts','9007089404'),
	(30,'Sara','Flores','4134202000'),
	(31,'Clarence','Green','4609857634'),
	(32,'Robert','Lawrence','5044396389'),
	(33,'Philip','Lewis','3659494577'),
	(34,'Jeffrey','Hall','6452598368'),
	(35,'Charles','Murray','0434243949'),
	(36,'Sean','Crawford','9085180910'),
	(37,'Jeremy','Morris','5752200490'),
	(38,'Mary','Jacobs','6693469442'),
	(39,'Harry','Harris','7011317554'),
	(40,'Willie','Bradley','9681098749'),
	(41,'Paul','Murphy','4813899072'),
	(42,'Lillian','Lopez','5714661737'),
	(43,'Sara','Romero','4951228556'),
	(44,'Michelle','Wallace','5326610787'),
	(45,'Clarence','Gutierrez','0832605581'),
	(46,'Fred','Stevens','6181933549'),
	(47,'Robert','Rogers','0431127611'),
	(48,'Robin','Coleman','2303258162'),
	(49,'Johnny','Moreno','8193578945'),
	(50,'Jessica','Perkins','6442601706'),
	(51,'Johnny','Rogers','9651858516'),
	(52,'Rose','Sullivan','0808795171'),
	(53,'Kathryn','Boyd','6778917261'),
	(54,'Andrew','Simmons','8703735273'),
	(55,'Henry','Scott','7694089245'),
	(56,'Jeremy','Freeman','1248297253'),
	(57,'Harry','Bryant','4028085330'),
	(58,'Paula','Armstrong','5539046420'),
	(59,'Lori','Hanson','9216817496'),
	(60,'Linda','Robinson','5947472538'),
	(61,'Jean','Larson','9091115653'),
	(62,'Mary','Stone','5377492560'),
	(63,'Anna','Austin','3353400672'),
	(64,'Jason','Stone','8940328388'),
	(65,'Marilyn','Coleman','7839899684'),
	(66,'Judith','Cole','4907163649'),
	(67,'Rachel','Ferguson','6906312332'),
	(68,'Jose','Watkins','7102035411'),
	(69,'Shirley','Chapman','7327036555'),
	(70,'Tammy','Peters','9779949674'),
	(71,'Lisa','Ward','6880474535'),
	(72,'Mary','Walker','9994763946'),
	(73,'Julie','Johnston','3228498662'),
	(74,'Robin','Wells','1673261108'),
	(75,'Angela','Moore','9750185927'),
	(76,'Frances','Ford','7993550181'),
	(77,'Eugene','Miller','4019363498'),
	(78,'Brenda','Green','9828347504'),
	(79,'Roy','Mccoy','1515295958'),
	(80,'George','Williamson','1017437084'),
	(81,'Mary','Woods','1578810809'),
	(82,'Margaret','West','5698507708'),
	(83,'Ashley','Mcdonald','1136135219'),
	(84,'Brandon','Edwards','5913064127'),
	(85,'Christopher','Ward','4495609637'),
	(86,'Justin','Richardson','5800770409'),
	(87,'Joshua','Mason','6845669309'),
	(88,'Gary','Nguyen','1015838715'),
	(89,'Heather','Rogers','8104854062'),
	(90,'Victor','Stevens','4861350972'),
	(91,'Amanda','Armstrong','3283736308'),
	(92,'Anthony','Young','1988553520'),
	(93,'Helen','Burke','4106494590'),
	(94,'Jose','Kelley','0273851659'),
	(95,'John','Fernandez','2543682260'),
	(96,'Kelly','Carroll','9518211000'),
	(97,'Jesse','Ray','1688579222'),
	(98,'Harry','Kim','1560902256'),
	(99,'Martha','White','5061800249'),
	(100,'Douglas','Lawrence','4637126908');

/*!40000 ALTER TABLE `user` ENABLE KEYS */;
UNLOCK TABLES;



/*!40111 SET SQL_NOTES=@OLD_SQL_NOTES */;
/*!40101 SET SQL_MODE=@OLD_SQL_MODE */;
/*!40014 SET FOREIGN_KEY_CHECKS=@OLD_FOREIGN_KEY_CHECKS */;
/*!40101 SET CHARACTER_SET_CLIENT=@OLD_CHARACTER_SET_CLIENT */;
/*!40101 SET CHARACTER_SET_RESULTS=@OLD_CHARACTER_SET_RESULTS */;
/*!40101 SET COLLATION_CONNECTION=@OLD_COLLATION_CONNECTION */;
